{
    "_id": { "$oid": "680b40e8fbdcf9cf00b6c199" },
    "correctAnswers": 0,
    "userId": 6,
    "classId": 1,
    "questions": [
      {
        "isAnswered": false,
        "question_id": 1,
        "question_text": "What does the 'color' property in CSS affect?",
        "question_type": "MCQ",
        "options": [
          "Background color of an element",
          "Text color of an element",
          "Border color of an element"
        ],
        "correct_option": 2,
        "required": true,
        "_id": { "$oid": "680b40e9fbdcf9cf00b6c201" }
      },
      {
        "isAnswered": false,
        "question_id": 2,
        "question_text": "Which CSS property is used to change the font of text?",
        "question_type": "MCQ",
        "options": [
          "font-weight",
          "font-family",
          "font-style"
        ],
        "correct_option": 2,
        "required": true,
        "_id": { "$oid": "680b40e9fbdcf9cf00b6c202" }
      },
      {
        "isAnswered": false,
        "question_id": 3,
        "question_text": "What does 'margin' do in CSS?",
        "question_type": "MCQ",
        "options": [
          "Adds space inside the element's border",
          "Adds space outside the element's border",
          "Changes the background of an element"
        ],
        "correct_option": 2,
        "required": true,
        "_id": { "$oid": "680b40e9fbdcf9cf00b6c203" }
      },
      {
        "isAnswered": false,
        "question_id": 4,
        "question_text": "Which value of 'display' makes an element not appear on the page?",
        "question_type": "MCQ",
        "options": [
          "none",
          "block",
          "inline-block"
        ],
        "correct_option": 1,
        "required": true,
        "_id": { "$oid": "680b40e9fbdcf9cf00b6c204" }
      },
      {
        "isAnswered": false,
        "question_id": 5,
        "question_text": "What does the 'position: absolute;' rule do?",
        "question_type": "MCQ",
        "options": [
          "Places the element relative to the browser window",
          "Removes the element from normal flow and positions it relative to the nearest positioned ancestor",
          "Centers the element horizontally"
        ],
        "correct_option": 2,
        "required": true,
        "_id": { "$oid": "680b40e9fbdcf9cf00b6c205" }
      },
      {
        "isAnswered": false,
        "question_id": 6,
        "question_text": "Which property controls the transparency of an element?",
        "question_type": "MCQ",
        "options": [
          "z-index",
          "visibility",
          "opacity"
        ],
        "correct_option": 3,
        "required": true,
        "_id": { "$oid": "680b40e9fbdcf9cf00b6c206" }
      },
      {
        "isAnswered": false,
        "question_id": 7,
        "question_text": "How do you make text bold in CSS?",
        "question_type": "MCQ",
        "options": [
          "font-style: italic;",
          "font-weight: bold;",
          "text-decoration: bold;"
        ],
        "correct_option": 2,
        "required": true,
        "_id": { "$oid": "680b40e9fbdcf9cf00b6c207" }
      },
      {
        "isAnswered": false,
        "question_id": 8,
        "question_text": "What does the 'z-index' property affect?",
        "question_type": "MCQ",
        "options": [
          "Element rotation",
          "Stacking order of overlapping elements",
          "Font size"
        ],
        "correct_option": 2,
        "required": true,
        "_id": { "$oid": "680b40e9fbdcf9cf00b6c208" }
      },
      {
        "isAnswered": false,
        "question_id": 9,
        "question_text": "Which syntax is correct for a class selector?",
        "question_type": "MCQ",
        "options": [
          "#myClass",
          ".myClass",
          "myClass"
        ],
        "correct_option": 2,
        "required": true,
        "_id": { "$oid": "680b40e9fbdcf9cf00b6c209" }
      },
      {
        "isAnswered": false,
        "question_id": 10,
        "question_text": "Which CSS unit is relative to the font-size of the parent element?",
        "question_type": "MCQ",
        "options": [
          "px",
          "em",
          "cm"
        ],
        "correct_option": 2,
        "required": true,
        "_id": { "$oid": "680b40e9fbdcf9cf00b6c210" }
      },
      {
        "isAnswered": false,
        "question_id": 11,
        "question_text": "Which property is used to add shadow to text in CSS?",
        "question_type": "MCQ",
        "options": [
          "box-shadow",
          "text-shadow",
          "font-shadow"
        ],
        "correct_option": 2,
        "required": true,
        "_id": { "$oid": "680b40e9fbdcf9cf00b6c211" }
      },{
        "isAnswered": false,
        "question_id": 12,
        "question_text": "What is the default position value of an HTML element?",
        "question_type": "MCQ",
        "options": [
          "absolute",
          "fixed",
          "static"
        ],
        "correct_option": 3,
        "required": true,
        "_id": { "$oid": "680b40e9fbdcf9cf00b6c212" }
      },
      {
        "isAnswered": false,
        "question_id": 13,
        "question_text": "Which CSS property allows you to rotate, scale, move, and skew elements?",
        "question_type": "MCQ",
        "options": [
          "transform",
          "animation",
          "transition"
        ],
        "correct_option": 1,
        "required": true,
        "_id": { "$oid": "680b40e9fbdcf9cf00b6c213" }
      },
      {
        "isAnswered": false,
        "question_id": 14,
        "question_text": "What does the 'overflow' property do in CSS?",
        "question_type": "MCQ",
        "options": [
          "Sets the maximum height of an element",
          "Controls what happens when content overflows an element's box",
          "Applies background color to overflowed content"
        ],
        "correct_option": 2,
        "required": true,
        "_id": { "$oid": "680b40e9fbdcf9cf00b6c214" }
      },
      {
        "isAnswered": false,
        "question_id": 15,
        "question_text": "Which pseudo-class targets the first child element of a parent?",
        "question_type": "MCQ",
        "options": [
          ":first-element",
          ":first-child",
          "::first-line"
        ],
        "correct_option": 2,
        "required": true,
        "_id": { "$oid": "680b40e9fbdcf9cf00b6c215" }
      },
      {
        "isAnswered": false,
        "question_id": 16,
        "question_text": "Which property is used to change the text color of an element?",
        "question_type": "MCQ",
        "options": [
          "color",
          "text-color",
          "font-color"
        ],
        "correct_option": 1,
        "required": true,
        "_id": { "$oid": "680b40e9fbdcf9cf00b6c216" }
      },
      {
        "isAnswered": false,
        "question_id": 17,
        "question_text": "What does the 'flex' property do in CSS?",
        "question_type": "MCQ",
        "options": [
          "Defines how a flex item will grow or shrink to fit the space available",
          "Sets the width of an element",
          "Aligns items in a grid layout"
        ],
        "correct_option": 1,
        "required": true,
        "_id": { "$oid": "680b40e9fbdcf9cf00b6c217" }
      },
      {
        "isAnswered": false,
        "question_id": 18,
        "question_text": "Which property is used to create space between elements in a flex container?",
        "question_type": "MCQ",
        "options": [
          "gap",
          "space-between",
          "padding"
        ],
        "correct_option": 1,
        "required": true,
        "_id": { "$oid": "680b40e9fbdcf9cf00b6c218" }
      },
      {
        "isAnswered": false,
        "question_id": 19,
        "question_text": "'vh' and 'vw' units are relative to what?",
        "question_type": "MCQ",
        "options": [
          "% of the viewport height and width respectively",
          "% of the parent element's height and width respectively",
          "% of the screen size"
        ],
        "correct_option": 1,
        "required": true,
        "_id": { "$oid": "680b40e9fbdcf9cf00b6c219" }
      },
      {
        "isAnswered": false,
        "question_id": 20,
        "question_text": "What does the 'flex-direction: column;' property do in a flex container?",
        "question_type": "MCQ",
        "options": [
          "Aligns flex items in a row from left to right",
          "Aligns flex items in a column from top to bottom",
          "Justifies items in the center"
        ],
        "correct_option": 2,
        "required": true,
        "_id": { "$oid": "680b40e9fbdcf9cf00b6c220" }
      },
      {
        "isAnswered": false,
        "question_id": 21,
        "question_text": "Which property is used to change the background color of an element?",
        "question_type": "MCQ",
        "options": [
          "color",
          "background-color",
          "border-color"
        ],
        "correct_option": 2,
        "required": true,
        "_id": { "$oid": "680b40e9fbdcf9cf00b6c221" }
      },
      {
        "isAnswered": false,
        "question_id": 22,
        "question_text": "What does the 'visibility: hidden;' CSS rule do?",
        "question_type": "MCQ",
        "options": [
          "Removes the element from the layout",
          "Hides the element but keeps space reserved",
          "Makes the element transparent"
        ],
        "correct_option": 2,
        "required": true,
        "_id": { "$oid": "680b40e9fbdcf9cf00b6c222" }
      },
      {
        "isAnswered": false,
        "question_id": 23,
        "question_text": "How do you select all `<p>` elements inside a `<div>` using CSS?",
        "question_type": "MCQ",
        "options": [
          "div p",
          "p div",
          "div + p"
        ],
        "correct_option": 1,
        "required": true,
        "_id": { "$oid": "680b40e9fbdcf9cf00b6c223" }
      },
      {
        "isAnswered": false,
        "question_id": 24,
        "question_text": "What does the 'max-width' property control?",
        "question_type": "MCQ",
        "options": [
          "The maximum height of an element",
          "The maximum width an element can grow to",
          "The actual width of an element"
        ],
        "correct_option": 2,
        "required": true,
        "_id": { "$oid": "680b40e9fbdcf9cf00b6c224" }
      },
      {
        "isAnswered": false,
        "question_id": 25,
        "question_text": "Which CSS property is used to underline text?",
        "question_type": "MCQ",
        "options": [
          "font-style",
          "text-decoration",
          "text-style"
        ],
        "correct_option": 2,
        "required": true,
        "_id": { "$oid": "680b40e9fbdcf9cf00b6c225" }
      },
      {
        "isAnswered": false,
        "question_id": 26,
        "question_text": "What unit is 'vh' in CSS?",
        "question_type": "MCQ",
        "options": [
          "Viewport height",
          "Vertical height",
          "View height in pixels"
        ],
        "correct_option": 1,
        "required": true,
        "_id": { "$oid": "680b40e9fbdcf9cf00b6c226" }
      },
      {
        "isAnswered": false,
        "question_id": 27,
        "question_text": "Which pseudo-class selects elements on mouse hover?",
        "question_type": "MCQ",
        "options": [
          ":hover",
          ":focus",
          ":active"
        ],
        "correct_option": 1,
        "required": true,
        "_id": { "$oid": "680b40e9fbdcf9cf00b6c227" }
      },
      {
        "isAnswered": false,
        "question_id": 28,
        "question_text": "Which CSS property defines the space between lines of text?",
        "question_type": "MCQ",
        "options": [
          "letter-spacing",
          "text-spacing",
          "line-height"
        ],
        "correct_option": 3,
        "required": true,
        "_id": { "$oid": "680b40e9fbdcf9cf00b6c228" }
      },
      {
        "isAnswered": false,
        "question_id": 29,
        "question_text": "What value of 'overflow' hides content that overflows the box?",
        "question_type": "MCQ",
        "options": [
          "visible",
          "hidden",
          "scroll"
        ],
        "correct_option": 2,
        "required": true,
        "_id": { "$oid": "680b40e9fbdcf9cf00b6c229" }
      },
      {
        "isAnswered": false,
        "question_id": 30,
        "question_text": "How do you apply the same style to multiple selectors in CSS?",
        "question_type": "MCQ",
        "options": [
          "Separate them with commas",
          "Write them one after another",
          "Use @apply rule"
        ],
        "correct_option": 1,
        "required": true,
        "_id": { "$oid": "680b40e9fbdcf9cf00b6c230" }
      }
    ],
    "userAnswers": [],
    "__v": 0
  }
  